3	,james
5	,george
6	,frank
7	,joseph
8	,thomas
9	,henry
10	,robert
11	,edward
12	,harry
13	,walter
14	,arthur
15	,fred
16	,albert
17	,samuel
18	,david
19	,louis
20	,joe
24	,andrew
25	,daniel
26	,ernest
27	,will
28	,jesse
29	,oscar
30	,lewis
31	,peter
34	,willie
35	,alfred
36	,sam
37	,roy
39	,jacob
40	,tom
41	,elmer
42	,carl
43	,lee
44	,howard
45	,martin
47	,bert
48	,herman
49	,jim
51	,harvey
52	,earl
53	,eugene
54	,ralph
56	,claude
57	,edwin
58	,ben
60	,paul
61	,edgar
62	,isaac
63	,otto
64	,luther
66	,ira
68	,guy
69	,oliver
71	,hugh
72	,clyde
74	,august
75	,floyd
76	,homer
77	,jack
79	,horace
80	,marion
81	,philip
82	,allen
83	,archie
86	,willis
88	,rufus
89	,warren
90	,jessie
91	,milton
92	,alex
93	,leo
94	,julius
95	,ray
96	,sidney
98	,dan
99	,jerry
100	,calvin
101	,perry
102	,dave
104	,eddie
105	,amos
106	,dennis
108	,leroy
109	,wesley
110	,alonzo
113	,emil
114	,leon
115	,nathan
116	,harold
118	,levi
119	,moses
121	,lester
123	,adam
124	,lloyd
125	,mack
127	,jay
128	,jess
129	,melvin
130	,noah
131	,aaron
132	,alvin
133	,norman
135	,elijah
136	,victor
137	,gus
138	,nelson
139	,jasper
140	,silas
142	,jake
143	,mike
144	,percy
145	,adolph
148	,felix
149	,reuben
151	,claud
152	,roscoe
155	,hiram
156	,otis
157	,simon
159	,irvin
160	,mark
161	,jose
162	,wilbur
164	,virgil
166	,elbert
167	,leslie
169	,owen
170	,wiley
171	,anton
172	,morris
173	,manuel
176	,emmett
177	,eli
179	,wilson
180	,alva
181	,harley
182	,newton
184	,marvin
185	,ross
186	,curtis
187	,edmund
188	,jeff
189	,elias
193	,lon
194	,ora
195	,ollie
197	,pearl
199	,arch
200	,asa
202	,enoch
203	,irving
204	,mathew
206	,scott
207	,hubert
208	,lemuel
209	,andy
210	,ellis
212	,joshua
214	,vernon
215	,wade
216	,cyrus
217	,miles
220	,austin
221	,bill
222	,chas
223	,lonnie
224	,monroe
225	,byron
226	,edd
227	,emery
228	,grant
229	,jerome
230	,max
231	,mose
232	,steve
233	,gordon
234	,abe
235	,pete
236	,chris
237	,clark
241	,bruce
242	,marcus
244	,bob
245	,dock
246	,donald
248	,cecil
249	,barney
251	,edmond
254	,glenn
256	,luke
257	,neal
258	,burt
259	,ike
260	,myron
261	,tony
262	,conrad
263	,joel
264	,matt
265	,riley
267	,emory
268	,isaiah
269	,nick
270	,ezra
271	,green
272	,juan
274	,lucius
275	,porter
276	,arnold
277	,bud
279	,taylor
281	,roland
283	,burton
284	,don
285	,emmet
286	,gustav
287	,louie
288	,morgan
289	,ned
290	,van
293	,elisha
296	,julian
299	,allie
300	,josh
301	,judson
302	,lyman
304	,pedro
305	,berry
306	,dewitt
307	,ervin
308	,forest
309	,lynn
310	,pink
311	,ruben
313	,ward
315	,ole
316	,omer
318	,walker
322	,ivan
323	,jonas
324	,major
325	,abner
327	,caleb
328	,clint
329	,dudley
331	,king
332	,mary
333	,merton
335	,bennie
338	,josiah
339	,milo
340	,royal
341	,dick
342	,earle
343	,elza
346	,judge
348	,neil
349	,roger
350	,seth
351	,glen
352	,hugo
353	,jimmie
356	,elwood
357	,gust
358	,harmon
359	,jordan
360	,simeon
361	,wayne
362	,wilber
363	,clem
364	,evan
366	,irwin
367	,junius
369	,loren
371	,mason
372	,orval
373	,abram
374	,aubrey
376	,hans
377	,karl
378	,minor
379	,wash
381	,allan
383	,dallas
384	,dee
385	,isiah
386	,jason
387	,johnny
388	,lawson
389	,lew
391	,orin
393	,cal
396	,hardy
397	,lucien
400	,vern
401	,wilmer
402	,zack
403	,adrian
404	,alvah
406	,clay
408	,fritz
409	,giles
410	,grover
411	,harris
412	,isom
413	,jesus
414	,johnie
416	,lucian
419	,otho
420	,perley
421	,rolla
422	,sandy
423	,tomas
426	,angus
427	,arther
428	,carlos
429	,cary
431	,davis
433	,harve
434	,israel
437	,merle
438	,murray
441	,steven
442	,axel
443	,boyd
444	,bryant
446	,erwin
448	,foster
450	,geo
452	,issac
453	,jules
454	,larkin
455	,mat
456	,morton
458	,pierce
459	,prince
460	,rollie
461	,rollin
462	,sim
463	,stuart
466	,casper
467	,christ
468	,dell
469	,egbert
470	,elmo
471	,fay
473	,hector
475	,lige
476	,saul
477	,smith
478	,squire
479	,tobe
480	,tommie
481	,wyatt
482	,alford
483	,alma
484	,alton
485	,andres
486	,burl
487	,cicero
488	,dean
489	,dorsey
490	,enos
491	,howell
492	,lou
493	,loyd
494	,mahlon
495	,nat
496	,omar
497	,oran
498	,parker
501	,rubin
504	,young
506	,carey
509	,elzie
511	,isham
513	,larry
514	,logan
516	,mont
517	,oren
518	,pierre
519	,rex
520	,rodney
521	,ted
523	,west
525	,willam
528	,alvie
529	,anna
530	,art
532	,bailey
535	,bishop
536	,clair
537	,cloyd
539	,dana
540	,duncan
541	,dwight
542	,emile
543	,evert
545	,hunter
546	,jean
547	,lem
548	,luis
551	,miguel
553	,nels
554	,norris
555	,pat
556	,phil
557	,rush
559	,sol
560	,sydney
563	,tim
564	,travis
565	,truman
566	,watson
567	,webb
570	,wylie
571	,alec
572	,basil
573	,baxter
575	,buford
576	,burr
580	,early
582	,fate
583	,finley
584	,gabe
586	,gerald
589	,justus
592	,olaf
593	,olin
594	,pablo
596	,turner
597	,verne
598	,volney
600	,almon
601	,alois
602	,alonza
603	,anson
604	,authur
605	,benton
606	,billie
608	,darius
609	,denis
611	,doctor
612	,elvin
613	,emma
614	,eric
615	,evans
616	,gideon
619	,hosea
621	,lonzo
623	,lum
625	,newt
626	,noel
627	,orie
628	,palmer
631	,sumner
632	,terry
633	,urban
634	,uriah
636	,waldo
637	,warner
638	,wong
639	,zeb
640	,abel
641	,alden
642	,archer
643	,avery
644	,carson
645	,cullen
646	,doc
647	,eben
648	,elige
650	,elmore
651	,ernst
652	,finis
655	,guss
656	,hamp
659	,isreal
660	,jones
661	,june
662	,lacy
663	,lafe
664	,leland
666	,ludwig
669	,minnie
670	,obie
671	,octave
672	,orrin
673	,ossie
674	,oswald
675	,park
676	,parley
677	,ramon
678	,rice
680	,theo
682	,addie
683	,aron
684	,ashley
686	,bertie
687	,berton
688	,buster
689	,butler
691	,carrie
692	,clara
694	,clare
696	,danial
697	,dayton
699	,elder
702	,felipe
704	,flem
706	,ford
707	,harlan
708	,hayes
709	,henery
710	,hoy
711	,huston
712	,ida
713	,ivory
714	,jonah
715	,justin
716	,lenard
718	,lionel
719	,manley
722	,mart
723	,odie
724	,olen
725	,oral
726	,orley
727	,otha
728	,press
729	,price
730	,quincy
732	,rich
734	,romeo
735	,russel
737	,shade
738	,shelby
739	,solon
741	,tilden
742	,troy
744	,worth
745	,aden
746	,alcide
747	,alf
748	,algie
749	,arlie
750	,bart
752	,benito
753	,billy
754	,bird
755	,birt
756	,bruno
757	,burley
758	,chancy
759	,claus
760	,cliff
761	,clovis
762	,connie
763	,creed
764	,delos
765	,duke
766	,eber
767	,eligah
768	,elliot
769	,elton
770	,emmitt
771	,gene
772	,golden
773	,hal
774	,hardin
775	,harman
776	,hervey
777	,hollis
778	,ivey
779	,jennie
780	,len
782	,lonie
783	,lyle
784	,mac
785	,mal
786	,math
787	,miller
788	,orson
791	,pleas
792	,ples
793	,rafael
794	,raoul
796	,rose
798	,sid
799	,theron
800	,tobias
801	,toney
802	,tyler
803	,vance
804	,vivian
805	,walton
806	,watt
807	,weaver
808	,wilton
809	,adolf
810	,albin
811	,albion
813	,alpha
816	,andre
817	,annie
819	,armand
821	,asbury
822	,asher
824	,auther
825	,author
827	,blas
828	,caesar
830	,cato
831	,clarke
833	,colin
835	,cora
836	,coy
837	,cruz
838	,curt
839	,damon
840	,davie
841	,delmar
842	,dexter
843	,dora
844	,doss
845	,drew
846	,edson
847	,elam
848	,elihu
849	,eliza
850	,elsie
851	,erie
852	,ernie
853	,ethel
854	,ferd
855	,friend
856	,garry
857	,gary
858	,grace
859	,gustaf
860	,hallie
862	,harrie
863	,hattie
864	,hence
866	,hollie
867	,holmes
868	,hope
869	,hyman
872	,jessee
875	,kirk
876	,levy
877	,mervin
878	,michel
881	,nellie
882	,noble
883	,obed
884	,oda
885	,orren
886	,ottis
887	,rafe
888	,redden
889	,reese
890	,rube
891	,ruby
892	,rupert
894	,sammie
897	,stacy
900	,thad
901	,titus
902	,tracy
903	,vernie
907	,yee
908	,zeke
910	,abbott
913	,almer
915	,alvia
916	,artie
917	,arvid
918	,ashby
921	,babe
925	,barton
926	,bernie
927	,blaine
928	,boston
929	,brad
932	,brooks
933	,buck
934	,budd
935	,ceylon
938	,chin
939	,cleo
941	,cyril
942	,daisy
943	,denver
944	,dow
945	,duff
946	,edie
947	,edith
948	,elick
949	,elie
950	,eliga
951	,eliseo
952	,elroy
953	,ely
954	,ennis
957	,esau
959	,firman
961	,flora
963	,gee
964	,gorge
969	,halsey
970	,handy
971	,hardie
972	,harl
973	,hayden
974	,hays
975	,hermon
977	,holly
979	,hoyt
980	,hudson
981	,huey
983	,hunt
984	,hyrum
985	,irven
986	,isam
987	,ivy
988	,jabez
989	,jewel
990	,jodie
991	,judd
995	,kelly
996	,kit
997	,knute
998	,lavern
999	,lawyer
1000	,layton

