4	,janet
5	,maxine
9	,emma
11	,emily
13	,ava
14	,olivia
15	,sophia
18	,chloe
22	,mia
23	,alexis
24	,alyssa
25	,hannah
26	,ashley
27	,ella
28	,sarah
29	,grace
30	,taylor
32	,lily
33	,hailey
34	,anna
36	,kayla
38	,lauren
39	,kaylee
42	,nevaeh
44	,sofia
46	,avery
47	,riley
48	,julia
49	,leah
50	,aubrey
52	,audrey
54	,morgan
57	,sydney
58	,alexa
59	,kylie
60	,brooke
62	,evelyn
63	,layla
66	,zoe
68	,peyton
70	,claire
72	,maria
76	,amelia
79	,andrea
80	,maya
82	,sophie
83	,rachel
86	,mariah
89	,ariana
90	,bailey
91	,camila
94	,gianna
96	,paige
97	,autumn
98	,payton
99	,faith
100	,sara
104	,isabel
105	,mary
106	,zoey
107	,gracie
108	,megan
109	,haley
110	,mya
112	,molly
114	,nicole
115	,jenna
117	,sadie
118	,jada
120	,lucy
121	,ruby
122	,eva
124	,rylee
125	,jayla
126	,naomi
128	,lydia
130	,bella
131	,keira
133	,lilly
134	,hayden
135	,miley
136	,katie
137	,jade
138	,jordan
140	,amy
141	,angela
145	,diana
146	,amanda
147	,kate
148	,laila
149	,reagan
150	,jordyn
151	,kylee
153	,briana
154	,marley
155	,leslie
161	,ashlyn
162	,reese
164	,london
166	,shelby
168	,angel
169	,daisy
172	,erin
173	,amber
174	,alana
175	,ellie
177	,ana
179	,summer
180	,piper
183	,sierra
184	,jayden
185	,sienna
186	,alicia
187	,lila
189	,alivia
191	,karen
192	,violet
194	,stella
195	,aniyah
199	,skylar
200	,aliyah
203	,kelsey
204	,khloe
205	,carly
206	,amaya
210	,tessa
211	,eliana
212	,bianca
213	,jazmin
214	,clara
215	,vivian
219	,elena
221	,alexia
222	,maggie
223	,laura
224	,nora
225	,ariel
226	,elise
227	,nadia
230	,lyla
231	,alaina
232	,jasmin
233	,hope
234	,leila
238	,allie
240	,eden
241	,callie
242	,haylee
244	,kendra
245	,karina
246	,kyra
249	,kiara
251	,karla
252	,camryn
253	,alina
254	,lola
255	,kyla
256	,kelly
257	,fatima
259	,kira
266	,jayda
267	,abby
268	,kara
270	,carmen
271	,jamie
275	,dakota
276	,kamryn
280	,aniya
281	,alison
282	,esther
283	,heaven
284	,aubree
287	,nina
288	,melody
289	,macy
291	,joanna
293	,alayna
296	,aurora
297	,heidi
299	,kimora
301	,erica
302	,josie
305	,harper
306	,ivy
307	,lexi
310	,dulce
312	,lucia
313	,emely
315	,kiley
316	,kailey
317	,miriam
321	,rylie
323	,kiera
325	,monica
327	,kaylie
329	,teagan
330	,cora
331	,brynn
332	,ciara
334	,alice
336	,eliza
338	,jaelyn
339	,erika
340	,ximena
341	,april
342	,marely
343	,julie
344	,danica
348	,angie
349	,iris
350	,brenda
351	,hazel
352	,rose
353	,malia
354	,shayla
355	,fiona
356	,phoebe
357	,nayeli
358	,paola
359	,kaelyn
360	,selena
367	,janiya
370	,ruth
371	,sasha
372	,denise
373	,holly
375	,hanna
376	,tatum
377	,marlee
378	,nataly
379	,helen
382	,serena
383	,anya
385	,kaylin
386	,jazlyn
387	,nancy
390	,hayley
391	,itzel
392	,imani
394	,asia
397	,talia
398	,jane
399	,kayden
400	,annie
401	,amari
403	,raegan
404	,jadyn
406	,jimena
407	,luna
408	,yasmin
409	,emilia
410	,annika
412	,sarai
413	,lacey
414	,ayla
416	,willow
417	,nyla
418	,dayana
419	,lilah
422	,hadley
423	,harley
427	,baylee
428	,brenna
430	,skyler
432	,danna
433	,melany
434	,cali
435	,lia
436	,macie
437	,lyric
438	,logan
439	,gloria
440	,lana
441	,mylee
442	,cindy
443	,lilian
444	,amira
445	,anahi
446	,alissa
447	,anaya
448	,lena
450	,sandra
451	,noelle
454	,kailyn
455	,lesly
459	,juliet
461	,meghan
463	,athena
464	,hailee
465	,rosa
466	,wendy
467	,emilee
468	,sage
469	,alanna
470	,elaina
471	,cara
472	,nia
473	,paris
474	,casey
475	,dana
476	,emery
477	,rowan
478	,aubrie
480	,jaden
481	,kenzie
482	,kiana
484	,norah
485	,lauryn
486	,perla
487	,amiyah
488	,alyson
491	,aileen
493	,lillie
494	,danika
497	,taryn
498	,tori
501	,amya
502	,elle
505	,haylie
507	,anne
508	,samara
509	,skye
510	,kali
512	,lexie
513	,parker
514	,halle
515	,londyn
517	,linda
518	,hallie
519	,saniya
521	,bailee
524	,quinn
526	,jaida
527	,caylee
528	,jaiden
529	,melina
530	,abril
531	,sidney
534	,adalyn
539	,brylee
540	,dylan
542	,ryan
543	,ashlee
544	,daphne
545	,kenya
546	,marina
553	,ingrid
554	,marie
556	,joy
558	,simone
562	,mila
563	,tamia
565	,aylin
567	,sylvia
572	,jolie
573	,jaidyn
576	,laney
580	,raquel
581	,anika
582	,kamila
583	,aria
584	,rubi
585	,adelyn
586	,amara
587	,ayanna
588	,teresa
589	,zariah
591	,amani
592	,carla
593	,yareli
598	,jaylin
600	,deanna
603	,aiyana
604	,skyla
606	,ada
607	,liana
608	,karlee
609	,jenny
610	,myla
612	,myah
613	,lisa
614	,tania
615	,isis
617	,jordin
618	,arely
619	,azul
620	,helena
625	,martha
626	,zoie
630	,elisa
631	,isla
632	,noemi
633	,raven
634	,jessie
635	,aleah
636	,kailee
639	,haven
640	,tara
641	,giana
644	,irene
645	,carley
646	,maeve
647	,lea
648	,macey
649	,sharon
650	,alisha
651	,marisa
653	,kaya
655	,siena
656	,adyson
657	,maia
658	,shiloh
659	,tiana
660	,jaycee
662	,yazmin
663	,eve
667	,sariah
668	,amiya
671	,shania
672	,aleena
673	,finley
674	,kinley
675	,kaia
676	,aliya
678	,pamela
680	,ellen
681	,carlie
684	,reyna
687	,clare
689	,paula
690	,zaria
692	,kasey
693	,regan
694	,alena
696	,regina
698	,emilie
699	,mariam
700	,jaylee
702	,greta
703	,elyse
704	,lainey
705	,kallie
707	,zion
708	,aspen
709	,carlee
711	,iliana
713	,akira
714	,sonia
717	,joslyn
719	,mollie
720	,susan
721	,judith
724	,janet
726	,mareli
727	,ansley
728	,kaylyn
729	,alexus
730	,gia
731	,maci
732	,elsa
733	,stacy
734	,kaylen
737	,lorena
740	,luz
741	,leanna
742	,renee
745	,abbie
746	,cailyn
748	,elsie
749	,jazmyn
750	,elaine
753	,dahlia
754	,jamya
757	,chaya
758	,dayami
760	,yadira
761	,aryana
763	,armani
765	,celia
768	,eileen
769	,rayna
771	,amina
772	,aisha
773	,amirah
774	,ally
776	,averie
777	,mayra
778	,sanaa
780	,leyla
781	,selah
782	,zara
783	,chanel
784	,kaiya
785	,keyla
786	,miah
787	,aimee
789	,amelie
790	,kelsie
795	,brisa
796	,cierra
797	,paloma
800	,alma
803	,janae
805	,shyla
806	,janiah
807	,kierra
808	,karlie
810	,jacey
812	,jaylah
814	,edith
818	,jaylyn
819	,evelin
820	,mara
821	,olive
822	,ayana
823	,india
824	,kendal
825	,kayley
826	,tamara
827	,briley
829	,nylah
830	,abbey
831	,moriah
832	,saige
834	,giada
835	,hana
836	,lizeth
838	,ann
843	,karly
844	,mylie
846	,ashly
847	,kenna
848	,maleah
850	,keely
851	,tanya
852	,tianna
854	,ryann
855	,salma
856	,areli
857	,karma
858	,shyann
859	,kaley
861	,evie
862	,gina
864	,kaila
865	,jaylen
867	,meadow
868	,rayne
869	,aliza
871	,june
874	,ali
875	,alisa
877	,belen
878	,tess
880	,litzy
881	,makena
884	,joyce
885	,libby
887	,thalia
888	,tia
889	,sarahi
893	,mattie
894	,taniya
895	,jaslyn
896	,gemma
897	,valery
898	,lailah
900	,micah
901	,deja
902	,frida
904	,jewel
905	,krista
906	,mira
908	,adison
909	,carina
910	,karli
915	,aliana
916	,cassie
917	,mina
918	,karley
920	,marlie
921	,alani
923	,cloe
924	,sanai
925	,lina
926	,nola
928	,dalia
929	,raina
932	,bria
933	,kamari
936	,reina
937	,alia
939	,lara
940	,lilia
942	,leia
945	,tiara
948	,sydnee
949	,kamora
950	,paityn
951	,payten
952	,naima
954	,heidy
955	,nyasia
956	,livia
957	,marin
960	,laci
962	,azaria
963	,anabel
965	,emmy
968	,emelia
969	,mireya
970	,shea
971	,amiah
972	,dixie
973	,maren
974	,averi
977	,selina
978	,alyvia
979	,chana
980	,avah
981	,donna
982	,kaylah
983	,ashtyn
984	,karsyn
986	,shayna
989	,miya
990	,rory
992	,kianna
993	,laurel
994	,neveah
995	,amaris
997	,dania
998	,hailie
999	,jamiya
1000	,kathy
1001	,laylah
1002	,riya
1003	,diya
1005	,iyana
1006	,kenley
1007	,sloane

