1	,smith
10	,wilson
100	,fisher
105	,jordan
108	,graham
109	,kim
112	,ramos
115	,west
116	,cole
117	,hayes
118	,chavez
119	,gibson
120	,bryant
121	,ellis
123	,murray
124	,ford
126	,owens
129	,ruiz
13	,taylor
131	,wells
133	,woods
136	,olson
137	,webb
139	,tucker
14	,thomas
141	,burns
142	,henry
144	,snyder
148	,porter
149	,mason
150	,shaw
151	,gordon
152	,wagner
153	,hunter
154	,romero
155	,hicks
156	,dixon
157	,hunt
158	,palmer
16	,moore
160	,black
161	,holmes
162	,stone
163	,meyer
164	,boyd
165	,mills
166	,warren
167	,fox
168	,rose
169	,rice
17	,martin
170	,moreno
172	,patel
176	,medina
177	,ryan
179	,weaver
183	,payne
184	,kelley
185	,dunn
186	,pierce
187	,arnold
188	,tran
190	,peters
192	,grant
193	,hansen
194	,castro
196	,hart
199	,knight
20	,white
202	,hudson
203	,duncan
205	,berry
208	,ray
209	,lane
21	,lopez
210	,riley
214	,silva
216	,willis
22	,lee
220	,garza
221	,vargas
224	,larson
226	,harper
227	,george
228	,greene
229	,burke
230	,guzman
232	,munoz
233	,jacobs
234	,obrien
235	,lawson
237	,lynch
238	,bishop
239	,carr
24	,harris
241	,austin
242	,mendez
244	,jensen
247	,harvey
248	,oliver
249	,howell
25	,clark
250	,dean
251	,hanson
252	,weber
254	,sims
255	,burton
256	,fuller
257	,soto
258	,mccoy
259	,welch
26	,lewis
260	,chen
263	,reid
264	,fields
265	,walsh
266	,little
267	,fowler
268	,bowman
270	,may
271	,day
273	,newman
274	,brewer
275	,lucas
277	,wong
278	,banks
279	,santos
28	,walker
280	,curtis
283	,valdez
284	,pena
285	,rios
29	,perez
290	,keller
293	,bates
295	,beck
296	,ortega
297	,wade
30	,hall
304	,powers
306	,nunez
307	,craig
309	,lowe
31	,young
310	,rhodes
311	,byrd
315	,becker
318	,vega
319	,sutton
32	,allen
320	,cohen
322	,parks
324	,watts
325	,barker
326	,norris
327	,vaughn
329	,holt
331	,steele
332	,benson
333	,neal
335	,horton
336	,terry
337	,wolfe
338	,hale
339	,lyons
34	,wright
340	,graves
341	,haynes
342	,miles
343	,park
344	,warner
346	,bush
349	,mann
35	,king
354	,page
355	,dawson
356	,joseph
358	,reeves
359	,klein
36	,scott
362	,moran
363	,love
366	,ball
367	,cortez
37	,green
370	,bowen
371	,sharp
373	,ramsey
374	,hardy
376	,barber
377	,acosta
378	,luna
38	,baker
380	,blair
380	,daniel
382	,cross
383	,simon
384	,dennis
386	,quinn
387	,gross
389	,moss
39	,adams
391	,doyle
393	,rojas
396	,singh
397	,yang
399	,harmon
4	,brown
40	,nelson
400	,newton
401	,paul
403	,garner
404	,mcgee
405	,reese
408	,adkins
41	,hill
410	,curry
411	,brady
413	,potter
414	,walton
417	,molina
420	,campos
421	,avila
423	,todd
424	,chang
425	,blake
426	,malone
427	,wolf
428	,hodges
429	,juarez
430	,gill
431	,farmer
432	,hines
434	,duran
436	,cannon
438	,wang
440	,tate
441	,mack
445	,wise
446	,ingram
447	,barton
448	,mejia
449	,ayala
452	,rowe
454	,frank
455	,waters
459	,chan
46	,carter
460	,deleon
461	,norman
463	,casey
464	,patton
465	,logan
466	,bowers
468	,glover
469	,floyd
472	,cobb
473	,french
474	,kramer
476	,clarke
477	,tyler
478	,gibbs
479	,moody
48	,evans
480	,conner
481	,sparks
483	,leon
484	,bauer
485	,norton
486	,pope
487	,flynn
488	,hogan
489	,robles
49	,turner
491	,yates
493	,lloyd
494	,marsh
496	,owen
497	,solis
498	,pham
499	,lang
5	,jones
50	,torres
500	,pratt
501	,lara
502	,brock
506	,drake
507	,roman
509	,morton
51	,parker
510	,stokes
511	,lamb
516	,cain
518	,hess
521	,olsen
522	,briggs
523	,ochoa
527	,roth
528	,meyers
531	,weiss
532	,hoover
536	,short
537	,carson
538	,morrow
539	,colon
542	,bryan
546	,wilcox
547	,carey
549	,poole
55	,flores
552	,greer
553	,rivas
554	,guerra
555	,decker
557	,wall
559	,bass
56	,morris
562	,conley
564	,huff
566	,hood
567	,monroe
568	,massey
57	,nguyen
570	,combs
571	,franco
572	,larsen
577	,kirby
58	,murphy
582	,kirk
583	,bruce
585	,mathis
587	,boone
588	,abbott
59	,rivera
593	,horn
596	,york
598	,phelps
6	,miller
60	,cook
601	,nash
603	,bond
604	,wyatt
605	,foley
606	,chase
607	,gates
61	,rogers
610	,hodge
614	,heath
615	,dalton
619	,atkins
62	,morgan
621	,roy
622	,boyer
624	,lin
626	,grimes
627	,glenn
628	,cline
631	,dillon
633	,oneill
634	,melton
635	,booth
636	,kane
637	,berg
639	,pitts
64	,cooper
640	,savage
643	,salas
644	,marks
645	,russo
646	,sawyer
647	,baxter
648	,golden
65	,reed
650	,liu
651	,walter
653	,wiley
654	,rich
656	,johns
657	,koch
658	,suarez
659	,hobbs
66	,bailey
660	,beard
662	,ibarra
663	,keith
664	,macias
665	,khan
667	,ware
669	,henson
67	,bell
671	,dyer
675	,tanner
676	,eaton
677	,clay
678	,barron
68	,gomez
680	,oneal
681	,small
684	,zamora
686	,vance
687	,snow
69	,kelly
690	,orozco
691	,barry
694	,kline
697	,huang
698	,kemp
699	,mosley
7	,davis
70	,howard
700	,prince
702	,hurst
704	,roach
705	,nolan
706	,lam
707	,yoder
709	,lester
71	,ward
714	,leach
714	,orr
716	,berger
717	,mckee
718	,strong
719	,conway
72	,cox
720	,stein
724	,knox
727	,velez
729	,kerr
73	,diaz
730	,stout
733	,kent
734	,lozano
736	,pruitt
737	,buck
738	,barr
739	,gaines
740	,durham
741	,gentry
743	,sloan
744	,rocha
746	,herman
747	,sexton
748	,moon
75	,wood
750	,rangel
751	,stark
752	,lowery
753	,hardin
754	,hull
759	,mora
76	,watson
760	,knapp
761	,mccall
762	,morse
763	,dorsey
764	,weeks
768	,mclean
77	,brooks
770	,glass
774	,frost
775	,howe
776	,house
780	,reilly
781	,hebert
784	,noble
785	,spears
786	,conrad
787	,arias
788	,galvan
79	,gray
790	,huynh
793	,cantu
796	,peck
797	,villa
8	,garcia
80	,james
801	,walls
802	,boyle
803	,mayer
804	,zuniga
805	,giles
806	,pineda
807	,pace
808	,hurley
809	,mays
81	,reyes
811	,crosby
812	,ayers
813	,case
817	,pugh
818	,david
82	,cruz
820	,dunlap
821	,bender
822	,hahn
827	,duffy
828	,landry
83	,hughes
831	,shah
832	,potts
833	,arroyo
835	,meza
836	,gould
838	,fry
839	,rush
84	,price
840	,avery
842	,dodson
845	,tapia
846	,bean
847	,lynn
848	,crane
849	,farley
85	,myers
851	,benton
852	,ashley
853	,mckay
854	,finley
855	,best
858	,moses
859	,sosa
86	,long
861	,huber
862	,frye
866	,rubio
867	,mullen
869	,haley
87	,foster
870	,chung
871	,moyer
872	,choi
873	,horne
876	,ali
877	,nixon
878	,hayden
879	,rivers
880	,estes
883	,stuart
885	,brandt
887	,hanna
89	,ross
890	,church
891	,burch
892	,levy
894	,coffey
895	,ponce
899	,novak
900	,costa
901	,montes
902	,booker
904	,waller
906	,maddox
907	,mata
91	,powell
912	,dudley
916	,mccann
919	,hester
922	,cherry
923	,bray
924	,davila
926	,madden
926	,levine
928	,spence
929	,good
930	,irwin
931	,werner
932	,krause
933	,petty
935	,baird
936	,hooper
938	,zavala
939	,jarvis
94	,ortiz
940	,holden
941	,haas
944	,bird
945	,lucero
947	,riggs
948	,joyce
949	,mercer
952	,duke
953	,odom
955	,downs
958	,archer
959	,huerta
960	,travis
961	,mcneil
962	,hinton
963	,zhang
964	,hays
965	,mayo
966	,fritz
967	,branch
968	,mooney
969	,ewing
97	,perry
970	,ritter
972	,frey
973	,braun
974	,gay
975	,riddle
976	,haney
977	,kaiser
978	,holder
979	,chaney
98	,butler
981	,gamble
982	,vang
983	,cooley
984	,carney
985	,cowan
986	,forbes
988	,davies
99	,barnes
990	,shea
991	,osborn
992	,bright
993	,cuevas
994	,bolton
996	,lutz
997	,duarte
998	,kidd
999	,key
